protocol,side,symbol,symbol_grouped,volume_usd,events,share_pct,rank_in_protocol
aave,Borrow,USDT,USDT,21722554579.473957,81149,37.99,1
aave,Borrow,USDC,USDC,17552598674.26451,71531,30.7,2
aave,Borrow,WETH,WETH,9918066504.049755,32051,17.35,3
aave,Borrow,USDe,USDe,3412179874.4087324,14500,5.97,4
aave,Borrow,DAI,DAI,1241561592.775522,4084,2.17,5
aave,Borrow,WBTC,Other,771055582.0229595,10373,1.35,6
aave,Borrow,GHO,Other,631685694.5392988,4953,1.1,7
aave,Borrow,RLUSD,Other,447387455.18399745,1413,0.78,8
aave,Borrow,PYUSD,Other,447046457.14188284,1495,0.78,9
aave,Borrow,cbBTC,Other,364655124.1641838,2499,0.64,10
aave,Borrow,USDS,Other,346438564.1148515,1096,0.61,11
aave,Borrow,EURC,Other,116691908.51347077,2958,0.2,12
aave,Borrow,wstETH,Other,75765548.63638562,647,0.13,13
aave,Borrow,LINK,Other,55920755.680047214,2522,0.1,14
aave,Borrow,USDG,Other,40155028.2076549,775,0.07,15
aave,Borrow,tBTC,Other,21823261.233890437,281,0.04,16
aave,Borrow,cbETH,Other,5526969.044250405,116,0.01,17
aave,Borrow,crvUSD,Other,1720794.6879456406,153,0,18
aave,Borrow,LUSD,Other,432268.88777203293,60,0,19
aave,Borrow,osETH,Other,4289.98150230386,27,0,20
aave,Borrow,ETHx,Other,1001.7326684946352,5,0,21
aave,Deposit,WETH,WETH,80150839627.56145,130924,39.9,1
aave,Deposit,USDC,USDC,48468798838.969086,122884,24.13,2
aave,Deposit,USDT,USDT,34447831677.08418,85929,17.15,3
aave,Deposit,wstETH,wstETH,11995139162.509209,12944,5.97,4
aave,Deposit,cbBTC,cbBTC,5026209358.740662,10953,2.5,5
aave,Deposit,weETH,Other,4969747311.8616905,4419,2.47,6
aave,Deposit,WBTC,Other,3917135555.791243,42511,1.95,7
aave,Deposit,USDe,Other,3032211128.14864,6041,1.51,8
aave,Deposit,sUSDe,Other,2492322327.1832795,5707,1.24,9
aave,Deposit,rsETH,Other,1795969153.032517,699,0.89,10
aave,Deposit,PYUSD,Other,1100624233.826643,2824,0.55,11
aave,Deposit,AAVE,Other,974590470.9337381,5151,0.49,12
aave,Deposit,LBTC,Other,534789437.76151115,996,0.27,13
aave,Deposit,DAI,Other,423928714.03329283,2241,0.21,14
aave,Deposit,USDS,Other,273842437.19675905,980,0.14,15
aave,Deposit,RLUSD,Other,272318879.2556793,1746,0.14,16
aave,Deposit,EURC,Other,252342907.4205139,4383,0.13,17
aave,Deposit,osETH,Other,226817690.59990376,329,0.11,18
aave,Deposit,tBTC,Other,184847003.84243044,1646,0.09,19
aave,Deposit,rETH,Other,96969463.70491286,717,0.05,20
aave,Deposit,USDG,Other,87968723.48037228,3254,0.04,21
aave,Deposit,LINK,Other,74855450.90526296,6173,0.04,22
aave,Deposit,XAUt,Other,66554742.923363924,3491,0.03,23
aave,Deposit,cbETH,Other,7640763.942942766,471,0,24
aave,Deposit,UNI,Other,6324522.67700934,454,0,25
aave,Deposit,ETHx,Other,4318428.185593704,48,0,26
aave,Deposit,CRV,Other,3538670.005669095,176,0,27
aave,Deposit,LUSD,Other,2053215.4644279801,159,0,28
aave,Deposit,LDO,Other,1221642.2204344356,176,0,29
aave,Deposit,ezETH,Other,933687.754471758,44,0,30
aave,Deposit,BAL,Other,425247.1036242348,65,0,31
aave,Deposit,crvUSD,Other,362376.80123101245,27,0,32
aave,Deposit,RPL,Other,196818.90011471853,132,0,33
aave,Deposit,1INCH,Other,162365.43414008344,25,0,34
aave,Deposit,ENS,Other,53183.53521552601,32,0,35
aave,Deposit,sDAI,Other,28747.756564878186,8,0,36
compound,Borrow,WETH,WETH,481561575.4883777,1458,43.45,1
compound,Borrow,USDC,USDC,380776125.3118274,6003,34.36,2
compound,Borrow,USDT,USDT,245889451.16421956,2857,22.19,3
compound,Deposit,USDC,USDC,1644548719.7303398,4005,40.8,1
compound,Deposit,wstETH,wstETH,594752114.6784475,1379,14.76,2
compound,Deposit,WETH,WETH,466320085.08429193,5010,11.57,3
compound,Deposit,WBTC,WBTC,447424207.5340084,2518,11.1,4
compound,Deposit,USDT,USDT,300530086.94342893,1690,7.46,5
compound,Deposit,weETH,Other,256028270.25573412,203,6.35,6
compound,Deposit,ezETH,Other,117283246.86286448,503,2.91,7
compound,Deposit,rsETH,Other,109435589.21999112,123,2.72,8
compound,Deposit,cbBTC,Other,51436021.966261834,448,1.28,9
compound,Deposit,tBTC,Other,20310825.94709517,170,0.5,10
compound,Deposit,COMP,Other,7279490.757773761,153,0.18,11
compound,Deposit,LINK,Other,6409056.069728335,744,0.16,12
compound,Deposit,UNI,Other,5149955.45522098,683,0.13,13
compound,Deposit,pufETH,Other,2464010.0428785617,56,0.06,14
compound,Deposit,rETH,Other,435654.39677199745,6,0.01,15
compound,Deposit,XAUt,Other,335209.11357145,110,0.01,16
compound,Deposit,ETHx,Other,105845.63844598673,1,0,17
compound,Deposit,osETH,Other,54541.13890485201,1,0,18
compound,Deposit,cbETH,Other,17559.365310918452,6,0,19
compound,Deposit,USDe,Other,15098.643123190725,10,0,20
compound,Deposit,mETH,Other,11899.748795089912,3,0,21
compound,Deposit,rswETH,Other,19.173860404279022,2,0,22
morpho,Borrow,USDC,USDC,5236259712.434314,60911,41.62,1
morpho,Borrow,USDT,USDT,2415661675.4444876,14274,19.2,2
morpho,Borrow,WETH,WETH,2339598683.619401,4767,18.59,3
morpho,Borrow,PYUSD,PYUSD,1626586372.0488636,5100,12.93,4
morpho,Borrow,RLUSD,RLUSD,669685185.7576243,1769,5.32,5
morpho,Borrow,USDS,Other,164188011.59828782,1956,1.3,6
morpho,Borrow,WBTC,Other,69224364.12249334,525,0.55,7
morpho,Borrow,EURC,Other,52126968.66395208,1378,0.41,8
morpho,Borrow,LINK,Other,5745690.915978621,414,0.05,9
morpho,Borrow,LBTC,Other,1625855.0687591278,23,0.01,10
morpho,Borrow,DAI,Other,699693.9239250636,44,0.01,11
morpho,Borrow,USR,Other,617714.1957044351,66,0,12
morpho,Borrow,cbBTC,Other,408803.7865866134,31,0,13
morpho,Borrow,wNXM,Other,31920.657418011146,6,0,14
morpho,Borrow,XAUt,Other,9275.20728524,6,0,15
morpho,Borrow,scrvUSD,Other,1064.4484418741915,30,0,16
morpho,Borrow,USDe,Other,1036.0602542756283,6,0,17
morpho,Borrow,wstETH,Other,27.14226485031024,5,0,18
morpho,Borrow,crvUSD,Other,4.994712161030817,6,0,19
morpho,Borrow,USDG,Other,2.73067522,3,0,20
morpho,Borrow,FRAX,Other,0.2483019828,1,0,21
morpho,Borrow,sUSDS,Other,0.2103679339592944,1,0,22
morpho,Deposit,USDC,USDC,104445181132.55055,372972,71.37,1
morpho,Deposit,USDT,USDT,23033419668.084576,99593,15.74,2
morpho,Deposit,WETH,WETH,11019151934.166195,44850,7.53,3
morpho,Deposit,PYUSD,PYUSD,4483605689.2284,10950,3.06,4
morpho,Deposit,RLUSD,RLUSD,1890068014.4768443,3991,1.29,5
morpho,Deposit,EURC,Other,666636171.2107649,8375,0.46,6
morpho,Deposit,WBTC,Other,348437841.31187296,3967,0.24,7
morpho,Deposit,USDS,Other,186884266.26564595,2431,0.13,8
morpho,Deposit,cbBTC,Other,125599705.82080989,503,0.09,9
morpho,Deposit,DAI,Other,64010364.49232252,3234,0.04,10
morpho,Deposit,wstETH,Other,56414944.16661421,3380,0.04,11
morpho,Deposit,LINK,Other,13197767.91760955,1084,0.01,12
morpho,Deposit,LBTC,Other,1143194.582072381,12,0,13
morpho,Deposit,USR,Other,471050.5776221682,85,0,14
morpho,Deposit,wNXM,Other,181707.15400000734,4,0,15
morpho,Deposit,USDe,Other,101609.75575754038,16,0,16
morpho,Deposit,USDG,Other,99983.42642513254,12,0,17
morpho,Deposit,XAUt,Other,19806.74958269,11,0,18
morpho,Deposit,scrvUSD,Other,1734.377554750562,55,0,19
morpho,Deposit,FRAX,Other,938.4267798804841,8,0,20
morpho,Deposit,sUSDS,Other,29.738843704498027,2,0,21
morpho,Deposit,crvUSD,Other,5.108312242862565,7,0,22
morpho,Deposit,RPL,Other,1.52e-15,1,0,23
spark,Borrow,USDT,USDT,5862221845.445051,5709,39.72,1
spark,Borrow,USDS,USDS,4007231472.5299654,2299,27.15,2
spark,Borrow,WETH,WETH,3662708626.5398984,3028,24.82,3
spark,Borrow,USDC,USDC,899505778.1794137,3468,6.09,4
spark,Borrow,DAI,DAI,147876868.76035345,802,1,5
spark,Borrow,PYUSD,Other,128791767.2114119,146,0.87,6
spark,Borrow,cbBTC,Other,48183696.142488986,113,0.33,7
spark,Borrow,tBTC,Other,2652083.2652616273,18,0.02,8
spark,Borrow,rETH,Other,705.9380972764358,5,0,9
spark,Deposit,USDT,USDT,16150496006.495367,6769,36.7,1
spark,Deposit,wstETH,wstETH,8780801343.359177,3970,19.95,2
spark,Deposit,WETH,WETH,7984713008.971332,9576,18.14,3
spark,Deposit,USDS,USDS,5985522830.835286,1769,13.6,4
spark,Deposit,cbBTC,cbBTC,1845685988.5209482,942,4.19,5
spark,Deposit,weETH,Other,938450460.1091248,520,2.13,6
spark,Deposit,WBTC,Other,857632036.1162187,682,1.95,7
spark,Deposit,USDC,Other,685899484.1139741,2833,1.56,8
spark,Deposit,LBTC,Other,459577165.7519958,265,1.04,9
spark,Deposit,DAI,Other,225597109.8388048,1108,0.51,10
spark,Deposit,PYUSD,Other,55987788.16507024,146,0.13,11
spark,Deposit,rsETH,Other,17733354.039064504,10,0.04,12
spark,Deposit,rETH,Other,17582791.829351798,84,0.04,13
spark,Deposit,tBTC,Other,1878276.7278175722,112,0,14
spark,Deposit,ezETH,Other,9.981067926113006,1,0,15
spark,Deposit,RLUSD,Other,1.000856,1,0,16
spark,Deposit,USDG,Other,1.000693,1,0,17
