protocol,symbol,debt_repaid_usd,liquidation_events,share_pct,largest_event_usd,largest_event_tx
aave,USDT,396143481.01326877,4099,60.22,22594662.27502262,0x4c2468c5adce696f27fd80b44b1054ea6a7cbda1f6201beb3cb43ccda75757d3
aave,USDC,182321639.6390796,8502,27.71,10160448.686178429,0x29c91c20c028761bac0b3c78ce354543ea61ab4e198ddec2c56d7af5a2b2b083
aave,WETH,50640669.26178398,422,7.7,13002156.927797178,0x9064b507f16bd8b85fb5aea0185153b01fa23b3205f7153f986e5107ce988a9c
aave,DAI,11412385.554354023,820,1.73,1616659.4294871707,0xca08c31d2e9b47e67036f37995316b095841a96cb55d218c5dc7bc1380340e38
aave,USDe,3844060.3895252612,133,0.58,981526.1514379196,0x7ee89e2bc0867db97ce80dbde0a2599dc0a5194882be14a838ee50c6e48ecfbe
aave,WBTC,3138510.9212793116,172,0.48,588266.5723229527,0x59c712824e183465e1ef63a49a626ad92de29dc2c2ec2f67826ca584da98386a
aave,GHO,3117281.7710065027,373,0.47,237220.95698076376,0xd1da0efb57a5e386c67ea75cda7585fa97d6e544719a64506a0403f85f902645
aave,PYUSD,2715874.736125136,84,0.41,1833500.1059528438,0x16eab91844d4b8265a0f84bdfc7c491f8d68ef6b1f444e3d69bd718fe54550fa
aave,EURC,2338701.1061262186,122,0.36,377775.95448836964,0xc953d5da04ee4dc9f421ac5418f05add5244d9816c50420bbf7bb6cbafc1150a
aave,RLUSD,776902.2596005265,23,0.12,609914.9349627317,0x6a1ad975c7dbeb4e48b12745e843df6a2b8d5f7b97eb9adf8a4814241a83a348
aave,cbBTC,433814.9562515484,13,0.07,431078.80767543236,0x0e4b110574393d3968692319bdc21aa81946e86d2c2a3c161a0e9c9b577977dc
aave,wstETH,385897.6063869501,29,0.06,116489.47298261822,0x2a27ae5063abc3e4e9ad5e6759179226897ddfdba3b230b85cc6ca3d0703d0be
aave,USDS,315164.854247081,26,0.05,123545.91556654475,0x854b86a9c807b1af3b2621cc468f1e6d7d0eecc81e73431e4e7bf4bd95694bdf
aave,LINK,149373.5555943686,62,0.02,35074.06021561428,0xb2ad7152bc3ad92941f034fd505bd66f332bb2d757df6ce4841279b9f767eff2
aave,LUSD,59438.85957179733,11,0.01,57922.438226166734,0x85d0601857677db46cb63af25538fab52c62f9612dc8ad272f844b5042a17c5f
aave,crvUSD,30424.168067566425,14,0,18988.406764166753,0x560bb091de24b45ada112e165285ecbc180fbc30b1f023539f5d13fce77ef876
aave,FRAX,12401.379496684403,25,0,12032.263765006452,0xd6b8ca0e3da3294482faa05c638465dfe488a2a1614570063ce2e99c5fce2cbe
aave,RPL,4123.54192922843,7,0,1246.3541811466573,0x8ef162c6cd7d9d1573edbeb91ac887afdcb02c64c9d9fce6901021fe4b62fb6c
aave,GUSD,2923.1456631600004,49,0,929.7277265,0xcc16c3569a55c097c38b5b2d693be0f03a9195a1a28142c4b281cf48f2016689
aave,USDP,2670.7208990365593,13,0,1997.6489309850551,0x770d397eba38ecf6c3170618dc688bc502c07053822cd4aea16eafc43fdff4ee
aave,cbETH,1781.6281936022203,7,0,764.0842878838082,0xd4ec9fd3851404df1a0a6ff5f672249ed19152142ccede159dfa834a1d0779b3
aave,sUSD,1456.2154185131185,43,0,606.3132129677933,0xcaba4e3fd74c6e5d3a96ec9485d41f8b78d72525fbaabc93f078b37bc3aa3b96
aave,TUSD,1390.6163865746653,85,0,399.5835402347664,0x05689a8b6fcf743ff685665ed249e7e9c6ace0bb55c95c4e6a1608253501f69c
aave,MKR,1313.8430075004737,17,0,1017.2506637297746,0xdc503ca63da55338cdd4a2b17e1babb58971be6adf7e3293a1064a4c104d38d6
aave,MANA,1039.5504953989625,9,0,951.805530023655,0xa9b58a89c91f0adac6a5277d37dced11489945797b170d4c47e61421319c0db1
aave,USDG,668.8445899400281,4,0,668.8445899400281,0x1fcbdb70c6b626232fd30d5acf85ffb610277a42e960cae4120f2b180a07a091
aave,AMPL,602.403646260967,7,0,326.02801139456,0x2db41af00f8e56fa5cba45f9b888e85f5a833083fc30fe78cb6826173b3a4b54
aave,ENJ,554.2462936279941,11,0,150.0982512649231,0x56f2338b058a334f85f1a2e25cbdc2a14ce87b2263542aa7f85166e8d468d097
aave,BUSD,531.0639698025097,38,0,143.8344999802043,0xd2c3141f52fcbfde55cdbe2d53350376e410ca9b9857a2a0e63f69d667b16515
aave,UNI,387.10843499889,3,0,382.65682630983315,0xd6092c33c198eab27eb24d79c435dc5d4639b3c9683077a54f8affb07ab1c2ee
aave,LEND,369.01574265157683,62,0,56.3906049808366,0x7cdfa5ad0aaa0b045cf99b80a3205750869c022051fa6a76ea2bcbc16a75d60a
aave,BAT,276.7345607657717,14,0,109.0455864050651,0xe7cbd7bd1b2797db2467052e9e81753cb0f3593c92d1ef35e2db62288bd977eb
aave,RAI,141.22287758393327,2,0,93.73760567680559,0x27b1b68ab4189f4afd40e5e47bb7cf703c27a31d88e1e2056c79d7a4d0d7a011
aave,KNC,98.18467790333226,11,0,21.274966195205078,0x4766ec75decc1f7192f7e7ec8cbda37b90337ab66081e213241f873cd59f6b44
aave,ETHx,81.4181952900695,1,0,81.4181952900695,0x21318fdc194b198c400446d807aaae74ae711861a57048ccda01da9acec6feb9
aave,CRV,78.5250430686531,76,0,12.430318346124615,0x5a9a84b45793da64bce910837b3e23ed0f127ca1e77bebcf36fa73757a6ef902
aave,1INCH,56.0147722200836,2,0,51.945960095168665,0x837a9b337a32c5666986d234a79747c4b0d16798875146947a402fee5672141f
aave,weETH,50.452434178596135,4,0,40.65320885727819,0x2b78c58c2cfcf554ce1fced109610598f683f4ff5050d80fcc5699ff9b4e7b9f
aave,BAL,39.26206063246449,3,0,27.619235546314822,0x7b4a1227666810ab0e971792486294c736adbf022a726d93b4bafec4a9e9741b
aave,YFI,36.31206917714979,7,0,12.808267271378162,0x94de8cddbb40067c63947961b564f4e1201046f267ba5016af25124acd8dbf9c
aave,SNX,26.304925134733857,6,0,9.192315603082045,0x96d4bda142f0db7b74681c6f14668f8cd368b37736ef0d8e5fc2821d5b7fe21b
aave,CVX,24.619755919099536,1,0,24.619755919099536,0xf432e219e76c88e97bcc209502614ac0068373c32fc5404e6f365638efffd30a
aave,ZRX,22.81568193404707,3,0,16.27224259277823,0xbf12335188049677e21aff4fddde4c2780a96c41b1faf8f12201fe144cfea35d
aave,REN,16.499186380560968,5,0,12.32294801700161,0x48ab8403e171ac59d9dc0c48f575256282198164474872c4264701c89adf3169
aave,rETH,9.361854600946929,3,0,9.039729182371914,0x1b2ae971ca1ab583aba992f6ac1f0919f40ad3970bb9f6df58be8f31aa2b535b
aave,osETH,7.626252733818906,2,0,5.746812869233173,0x6924466a7016cea7c0c4db60009e4a704602270a9761e26a914a5e478e5f8d1d
aave,LDO,3.5269171252624623,1,0,3.5269171252624623,0xba01f3fff310f0e95cb0f24717e3e9a7376b20d33c344ebbc473e747a9bbc616
aave,UST,1.697416599641,1,0,1.697416599641,0xb1c18deb9893d6bc62c11659061e40af28ec684556927c382e7c4107f68768a7
aave,FEI,1.289149464049594,1,0,1.289149464049594,0x797f50d266a35c8bb6fc93e69ad76ed1e18c07a0104a4d440b354249eb1e649a
aave,tBTC,0.7408710925975655,2,0,0.6678131252550369,0x3198745a1a7d8ab237948f74d58cda71f180b4893747315d77cda047264f07a9
aave,LBTC,0.1253861882,1,0,0.1253861882,0xfec6abd1180a7b1588fcd9b50c698ce6e8c5e273fc6366ebf450780a639502e2
aave,USDtb,,65,,,
aave,mUSD,,3,,,
aave,FBTC,,3,,,
compound,USDC,28602236.24766471,996,40.71,10184568.185800452,0x477d838a5d58f4adb8eaa590df600753190cc805ad191be05047c3e863f14ac2
compound,WETH,27831460.13670071,99,39.62,27735020.25500726,0x9c17cb1f32c5b4ff792b19c39a31119272d67c3eb6e03ef4cffc8578c568113e
compound,USDT,13814014.722775493,72,19.66,4318818.614549878,0x9823b059db9bbeadde5028d533b4200fe6b5aecff2462bcce2d2792bccc4def6
compound,ZRX,2870.491420131621,87,0,968.0785397617497,0x3aa53884b4b5e7bae2255de1ef00228f2227825c794cf695ce1583a2120d22d5
compound,DAI,341.9861849946504,124,0,48.823855239945814,0xf8f59f401f3da455999e8f9693699bb14c0e0f5a5c9fffcac5b39e48ef76f0c4
compound,WBTC,204.5161686142,45,0,83.0043542424,0x34a0e752c867bc4b8ac1ddd0392ffcd6ba5b953608bba00b5fd50fcdc79a695a
compound,REP,60.83515406138132,60,0,15.598711675157917,0xb79df5c8873388c9da1f91de5b93e2e9c1c0e4325706f12209d7809fdf372c61
compound,BAT,11.391709403046546,11,0,4.255802919277864,0x4ea4d00aea0e18b532ac182e4247e4184473b7caf18396990f8c9ea8ca77e512
morpho,USDC,93631239.61471519,1239,85.21,13008137.064882895,0x5168462b33f37c2c6c11a8a522697c732d2aed26b92fd2f49339b5dcfe02b648
morpho,USDT,7201261.111951962,260,6.55,873822.2616055396,0x15d3cfcc23fb69307c3c6c27e41fee172fc881da6d47bf4cd26a5fb82afb5870
morpho,wstETH,2604424.8244635356,1,2.37,2604424.8244635356,0x0d76bdb8a5375e13e7a6a07146e091593371ecd1c882eba8c77379c4f44839e0
morpho,WETH,2310010.601066862,271,2.1,301750.6934278648,0x36837235eb8f43bd06f0b0da7a533cb582d073ca7170aa06c4d9f8a0ca4238bd
morpho,USDS,1823151.7943263394,304,1.66,343637.81138301425,0x7a30f5cce94322cdb02c0f46ffc449329d2eff202aa723e1fb911b52a71d61dc
morpho,PYUSD,1320050.3321257227,30,1.2,787839.1636369549,0x52ee9069032a075e6b2da263201af29dc05cf0b1a5eee77ee03c0c35326fb5d2
morpho,EURC,514978.20597146265,42,0.47,131868.86363983885,0x059b7c15059f12165a205bf75ae36b9897121dc3fbc780b277d41f9f0a121d45
morpho,DAI,224573.0705726346,92,0.2,176805.67626271283,0xbe9514a9e4456e04c3365155e815524cf2996429c6d84766a094e0c064ea75f7
morpho,cbBTC,152877.8114750515,3,0.14,152562.1051366929,0xab19567a0ae9ed10174f0b1ee2fc5a730dc73219886cfafa47071e2ea4eeb454
morpho,RLUSD,54030.46432732912,6,0.05,49948.93381755392,0x8e4cc9b4893a8cde7a013ed1dbe498744e2226f2d924a543cd3bc5cb7199cf5f
morpho,wNXM,28146.956234947305,14,0.03,3422.185697035956,0x0cd410354ec9cfa3369099e6e9b98cf43b88b31d8fd548ac09ddab6b4470e387
morpho,WBTC,9500.951069382902,11,0.01,7659.0630944985005,0x8ac7ea4fc92f751463a33b21aaa944653c9117c2adf17a6189e788dfe7201ab0
morpho,USDe,2551.377966870743,29,0,1331.4833317591028,0xf55fcfbca709aadd97def7135070c2890d15e7250ccb3f02a1deeb008858cbfa
morpho,USR,1156.066804839259,13,0,792.892906,0xa57f66b6b291905a525ad2c94fa7f261421d77f2aaa51937e72372ec2d0574bd
morpho,crvUSD,249.36794972176972,4,0,137.37343314559578,0x1c9376b7cc9a798d2fb8f2cc0f3bcdacf6e6a0e3f30c9603790bb09cae0834f7
morpho,LBTC,33.28649869539999,5,0,21.425536583399996,0x6d7e8397637daa0840133e5a8d269d3622331f578e20df2214fe6bd9294dbf2e
morpho,tBTC,11.252094091330392,4,0,6.7885745915172535,0xb09760bd23e03b4f3a4ea4fa704ac7aed0f2c82918cf11a3fcfd9017cfa3eb58
morpho,LINK,9.122013208885608,1,0,9.122013208885608,0x6c98e07c4e139ecbf51e5b14d7365b89ee187581fed3515ac00f21a22ef202cf
morpho,FRAX,8.954906649350368,4,0,2.379362882051212,0x9b6275dc7b06ee7b7de4dca49d1f44c66a36dbd376a9602a9e7e99868485a16e
morpho,scrvUSD,6.162001203498049,1,0,6.162001203498049,0xa4cd7d23592413a277c875b48a38dca9c2002cc0f6b44bbc73fa6642055dfdf4
morpho,sUSDS,5.263205922576368,3,0,2.9251853377709303,0x6f358e9255c542d23e4f9d1b6f2028a33f9a36c5fa2c3ff992ab43f8cb1323c8
morpho,USUAL,,16,,,
morpho,VUSD,,7,,,
morpho,USDf,,3,,,
morpho,USDQ,,1,,,
morpho,AUSD,,81,,,
morpho,GRAM,,3,,,
morpho,frxUSD,,15,,,
morpho,MUSD,,3,,,
morpho,rUSD,,12,,,
morpho,lvlUSD,,4,,,
morpho,JPYC,,1,,,
morpho,USDtb,,1,,,
morpho,USDCV,,9,,,
morpho,msETH,,32,,,
morpho,eUSD,,11,,,
morpho,USDR,,1,,,
morpho,ZCHF,,6,,,
morpho,USDU,,5,,,
morpho,apxUSD,,10,,,
morpho,USDA,,12,,,
morpho,EURCV,,28,,,
morpho,USD0,,6,,,
spark,DAI,3244462.306865355,312,48.68,1494431.0945800305,0x9c458f3cb99f1efe7e860337cb80423b91d01a5444b521e15e890d73f95196d2
spark,USDT,1638680.1609255644,113,24.59,462314.3513312731,0x62e6703cf27b602e34c617fd3fa79e08ed537773fbb05ae9c222a92000f00df8
spark,USDS,902213.8400730191,151,13.54,225256.50125441828,0xefac7eed496f58b02b2409964acab069283256af425c6704cc652260eb9abd14
spark,USDC,799930.2506122654,138,12,316326.1264292281,0xf65ad4fa3b0dbfb757de8e57590331b69a44cdeb95811e7abb28ab0c8d09fe3e
spark,PYUSD,75907.33018538373,22,1.14,32097.606190862556,0x4e6d3231d2b2afeeef50134904daf1a6098bded9dc48d85da382a02254706fe4
spark,cbBTC,2439.0023160404003,5,0.04,979.8102047803001,0x2fc42d8447b6434d38dc32e51f6d3a1cc5faea3122e60d95ebdafb1be745964b
spark,WETH,642.3040330168748,7,0.01,471.0774296038116,0x7c7a014e98d89f58825a05fe9b5402bf2a1f77c0ed447177eb9d20b15d3e9e90
spark,tBTC,1.475465336140837,1,0,1.475465336140837,0x07dbdb32c94839ab38c1523862e51a4465161c2dadc8430be27a7782a56cdf3d
